"id","firstName","lastName","nationality","salary","joiningDate","address"
"2c49b8a0-6b1b-4c4b-874d-2c75728bc6d6","firstname1","lastname1","nat1","1000","1970-01-01 00:00:36.161","aaaaaaaa"
"a303ba9c-a073-4afe-b17e-4e7400e3bd7a","firstname2","lastname2","nat2","1000","1970-01-01 00:00:36.161","aaaaaaaa"
"33f589d7-5a01-4d1c-8c74-46f89565b6a9","firstname3","lastname3","nat3","1000","1970-01-01 00:00:36.161","aaaaaaaa"
"da1ced84-96b1-4954-92c3-c08171f9b6df","firstname4","lastname4","nat4","1000","1970-01-01 00:00:36.161","aaaaaaaa"
"c34e1906-41c6-44d9-9227-5f25fc4e1448","firstname5","lastname5","nat5","1000","1970-01-01 00:00:36.161","aaaaaaaa"
"ddc08bad-21f0-4324-9911-0c8c9f0c833f","firstname1","lastname1","nat1","1000","1970-01-01 00:00:36.161","aaaaaaaa"
"3b04f23b-71d4-4eed-8b82-b072e1f63652","firstname2","lastname2","nat2","1000","1970-01-01 00:00:36.161","aaaaaaaa"
"66407714-8f20-478d-9232-abb3ff4f76be","firstname3","lastname3","nat3","1000","1970-01-01 00:00:36.161","aaaaaaaa"
"80589486-6813-4529-804c-01f0b1938867","firstname4","lastname4","nat4","1000","1970-01-01 00:00:36.161","aaaaaaaa"
"e0d32541-5326-4e79-ab8c-6224f6ae22f3","firstname5","lastname5","nat5","1000","1970-01-01 00:00:36.161","aaaaaaaa"
"a56940ca-661b-4032-a813-8245dbd37810","firstname1","lastname1","nat1","1000","1970-01-01 00:00:36.161","aaaaaaaa"
"b21112a5-0f5f-4b2a-b44f-de8487caee0e","firstname2","lastname2","nat2","1000","1970-01-01 00:00:36.161","aaaaaaaa"
"2716124c-4fe1-48da-8c7b-b776f4a2ccd7","firstname3","lastname3","nat3","1000","1970-01-01 00:00:36.161","aaaaaaaa"
"54edde59-43c5-4944-b824-4b53295e5275","firstname4","lastname4","nat4","1000","1970-01-01 00:00:36.161","aaaaaaaa"
"053c9de5-fe04-4364-9508-3a128bc64c81","firstname5","lastname5","nat5","1000","1970-01-01 00:00:36.161","aaaaaaaa"
"59dfa7c2-2533-40ea-844a-b8409127ae50","firstname1","lastname1","nat1","1000","1970-01-01 00:00:36.161","aaaaaaaa"
"1c828e8a-82c6-4fbe-9373-8f79b56d83cc","firstname2","lastname2","nat2","1000","1970-01-01 00:00:36.161","aaaaaaaa"
"9aa77fd4-d9de-4ac9-a292-3542548377b9","firstname3","lastname3","nat3","1000","1970-01-01 00:00:36.161","aaaaaaaa"
"6d1e90ab-32b5-4870-af28-d8467480292e","firstname4","lastname4","nat4","1000","1970-01-01 00:00:36.161","aaaaaaaa"
"a1f43f80-c3e5-4db9-9399-18b77a575858","firstname5","lastname5","nat5","1000","1970-01-01 00:00:36.161","aaaaaaaa"
"5dd95755-25ea-4ec3-83a4-d1a47e71a46e","firstname1","lastname1","nat1","1000","1970-01-01 00:00:36.161","aaaaaaaa"
"906096c7-6515-4cb9-886a-c9bc3302dd31","firstname2","lastname2","nat2","1000","1970-01-01 00:00:36.161","aaaaaaaa"
"82dc2bb7-1113-4433-88b8-283d248f19c1","firstname3","lastname3","nat3","1000","1970-01-01 00:00:36.161","aaaaaaaa"
"8aa0b06b-d9f3-4b2b-b7a7-5e6194218e22","firstname4","lastname4","nat4","1000","1970-01-01 00:00:36.161","aaaaaaaa"
"6e787e8e-a1ba-4197-b3b8-64048d393944","firstname5","lastname5","nat5","1000","1970-01-01 00:00:36.161","aaaaaaaa"
"6af59345-9337-405f-8211-11a3ad42467f","firstname1","lastname1","nat1","1000","1970-01-01 00:00:36.161","aaaaaaaa"
"8cfd395f-f294-4499-a7fb-ce9a74cd0b9d","firstname2","lastname2","nat2","1000","1970-01-01 00:00:36.161","aaaaaaaa"
"6b62cf54-62cd-4969-a53c-960e1e455053","firstname3","lastname3","nat3","1000","1970-01-01 00:00:36.161","aaaaaaaa"
"14490164-bdd1-478b-b772-8d2a682e5f2e","firstname4","lastname4","nat4","1000","1970-01-01 00:00:36.161","aaaaaaaa"
"02ac27e9-ad72-4a96-a3a3-25c2cbb33479","firstname5","lastname5","nat5","1000","1970-01-01 00:00:36.161","aaaaaaaa"
